country_code,country_name_eng,country_name_kor,climate,language,utc,voltage, plug_type
GHA,Ghana,가나,"연평균 기온은 27℃, 강수량은 1500mm 내외, 열대 기후가 특징이며, 습도가 높아 습하고 더운 날씨. 열대 기후로 남동해안은 온난 건조, 남서해안은 고온 다습하며 북부지방은 고온 건조한 편.","영어, 아칸 언어",0.0,230 V,"D, G"
GAB,Gabon,가봉,"연평균 기온은 25℃, 강수량은 북쪽이 3000mm 이상으로 비가 자주 오는 반면, 남쪽은 900mm 정도로 건조. 열대 기후로 연중 덥고 습하며, 장마철과 건조한 계절이 분명히 나뉘어 짐",프랑스어,1.0,220 V,C
GUY,Guyana,가이아나,"연평균 기온은 26℃, 강수량은 2300mm, 열대 기후로 대체로 습하고 비가 많이 내리는 편",영어,-4.0,240 V,"A, B, D, G"
GMB,Gambia,감비아,"연평균 기온은 25℃에서 30℃ 사이, 강수량은 1,400mm, 주로 건조한 계절과 비가 많이 내리는 계절이 번갈아 가며, 여름에는 고온다습한 기후",영어,0.0,230 V,G
GTM,Guatemala,과테말라,"연평균 기온은 약 22℃, 강수량은 약 1,000mm에서 3,000mm 사이, 비교적 습도가 높아 상대적으로 습하고 더운 기후, 계절별 온도 변화가 크지 않고 대체로 안정적인 기후","스페인어, 인디언어, 가리프나어",-6.0,120 V,"A, B"
GRD,Grenada,그레나다,"연평균 기온이 25℃에서 30℃ 사이, 강수량은 연간 약 1500mm, 장마철에는 강수량이 늘어나는 편, 전반적으로 온화한 기후",영어,-4.0,230 V,G
GRC,Greece,그리스,"연평균 기온은 4월부터 10월까지 20℃에서 30℃ 사이로 높아지며, 겨울에는 10℃ 이하로 낮아짐. 강수량은 400mm에서 600mm 사이, 주로 겨울에 강우가 집중, 지중해 기후의 영향을 받아 맑은 날씨가 많음","그리스어, 영어",2.0,230 V,"C, F"
GIN,Guinea,기니,"연평균 기온은 24℃에서 32℃ 사이, 강수량은 연간 1500mm에서 4000mm, 열대 기후로 일년 내내 더운 날씨, 습도가 높아 습기를 많이 느낄 수 있음","프랑스어, 풀라어",0.0,220 V,"C, F, K"
GNB,Guinea-Bissau,기니비사우,"연평균 기온은 여름에는 30℃ 이상, 겨울에도 25℃ 이상, 강수량은 4월부터 10월까지 비가 많이 오며, 강수량은 2000mm 정도, 열대 기후로, 습도가 높아 습한 날씨, 우기와 건기가 뚜렷","포르투갈어, 크레올어",0.0,220 V,C
NAM,Namibia,나미비아,"연평균 기온은 20℃에서 30℃ 사이, 강수량은 50mm에서 700mm 사이, 사막과 반건조 기후로 건조",영어,1.0,220 V,"D, M"
NRU,Nauru,나우루,"연평균 기온은 26℃에서 31℃ 사이, 강수량은 약 3,000mm, 열대 기후에 속하며 겨울철에도 따뜻한 기온을 유지","나우루어, 영어",12.0,240 V,I
NGA,Nigeria,나이지리아,"연평균 기온은 25℃에서 30℃ 사이, 강수량은 1000mm에서 4000mm, 열대기후로, 연중 고온 다습",영어,1.0,230 V,"D, G"
SSD,South Sudan,남수단,"연평균 기온은 25℃로 높고, 강수량은 500mm에서 1000mm 사이, 열대사막 기후가 주를 이루며 건조하고 뜨거운 날씨",아랍어,3.0,230 V,"C, D"
ZAF,South Africa,남아프리카공화국,"연평균 기온은 20℃에서 30℃ 사이, 강수량은 강수량은 450mm 내외, 대체로 맑고 따뜻한 기후","아프리칸스어, 영어, 은데벨레어",2.0,230 V,"C, M, N"
NLD,Netherlands,네덜란드,"연평균 기온은 10℃ 전후, 강수량은 약 800mm, 해양성 기후로, 온난하고 습한 날씨가 지속되며 일년 내내 비가 자주 내림","네덜란드어, 프리지아어",1.0,230 V,"C, F"
NPL,Nepal,네팔,"연평균 기온은 20℃에서 28℃ 사이, 강수량은 1000mm에서 2500mm 사이, 고산 지대와 아열대 지대가 만나 다양한 기후를 경험할 수 있으며, 계절에 따라 기온과 강수량이 크게 변화","네팔어, 힌디어, 영어",5.75,230 V,"C, D, M"
NOR,Norway,노르웨이,"연평균 기온은 남부 지역에서는 약 1℃에서 4℃ 사이, 북부 지역에서는 -6℃에서 1℃, 강수량은 서부 지역에서 많고, 동부 지역에서는 적음, 북쪽으로 갈수록 추워지고, 서쪽은 비가 자주 오는 습도가 높은 기후이며, 동쪽은 건조한 대륙 기후를 가짐",노르웨이어,1.0,230 V,"C, F"
NZL,New Zealand,뉴질랜드,"연평균 기온은 10℃에서 16℃ 사이, 강수량은 지역에 따라 상이하나 일반적으로 북쪽이 더 습기가 많음, 봄과 가을에는 일국적인 날씨 변화가 심하지만 여름과 겨울은 비교적 안정적이며 시원한 바다 바람이 많이 불어 상쾌한 날씨를 가짐",영어,12.0,230 V,I
NIU,Niue,니우에,"연평균 기온은 약 15℃, 강수량은 1,000mm 정도, 평균적으로 따뜻한 날씨가 이어지며, 주로 흐린 날씨가 많음",영어,-11.0,230 V,I
NER,Niger,니제르,"연평균 기온은 25℃에서 30℃ 사이, 강수량은 매우 적어 건조한 기후, 사해사로 돌아가는 건조한 붉은 모래 바람인 '하림탄'이 건조한 날씨를 유발, 낮과 밤의 기온 차이가 큼","아랍어, 프랑스어",1.0,220 V,"A, B, C, D, E, F"
NIC,Nicaragua,니카라과,"연평균 기온은 약 27℃에서 32℃ 사이, 강수량은 연간 1500mm에서 3000mm, 열대 기후가 주를 이루며, 습도가 높음","스페인어, 미스티소, 크리올",-6.0,120 V,"A, B"
DNK,Denmark,덴마크,"연평균 기온은 8℃에서 15℃ 사이, 강수량은 분포가 고르며, 겨울에는 비가 많이 올 수 있지만 여름에는 상대적으로 건조, 날씨가 안정적이며 극단적인 기상 현상이 드믐",덴마크어,1.0,230 V,"C, F, E, K"
DOM,Dominican Republic,도미니카공화국,"연평균 기온은 25℃에서 28℃ 사이, 여름에는 32℃까지 올라갈 수 있음. 강수량은 약 1400mm, 5월부터 11월까지 풍부한 강우가 내림, 열대 기후의 영향을 받아 주로 습도가 높고 낮과 밤의 온도차가 큼","아랍어, 프랑스어, 베를린본어",1.0,110 V,"A, B"
DMA,Dominica,도미니카연방,"연평균 기온은 25℃에서 28℃ 사이, 강수량은 1,000mm 이상, 습도가 높아 습기가 많음, 여름철에는 열대성 폭염","크리올어, 프랑스어",-4.0,230 V,"D, G"
DEU,Germany,독일,"연평균 기온은 겨울에는 1℃에서 -10℃ 사이로 춥고 여름에는 20℃에서 30℃까지 올라감, 강수량은 500mm에서 800mm, 쾌적한 기후로, 사계절이 뚜렷함",독일어,1.0,230 V,"C, F"
TLS,Timor-Leste,동티모르,"연평균 기온은 25℃ 정도, 강수량은 약 1200mm, 열대 기후의 영향을 받는 지역으로, 일년 내내 따뜻한 기온과 습기가 유지","포르투갈어, 타라귀어, 프랑스어",0.0,220 V,"C, E, F, I"
LAO,Laos,라오스,"연평균 기온은 25℃에서 30℃ 사이, 강수량은 북부 지역에서는 100mm 미만, 남부 지역에서는 300mm 이상, 5월부터 10월까지 장마철이지만 11월부터 4월까지는 건조한 계절, 동쪽 산악 지역은 서쪽 평원에 비해 기온과 강수량이 다소 낮음","라오어, 프랑스어",7.0,230 V,"A, B, C, E, F"
LBR,Liberia,라이베리아,"연평균 기온은 약 27℃, 강수량은 2000mm 이상, 열대 기후의 영향으로 습기가 많고 습하며 건조기는 거의 없음, 열대우림 기후가 지배하여 뜨거운 습기가 많음",영어,0.0,"120 V, 220 V","A, B, C, E, F"
LVA,Latvia,라트비아,"연평균 기온은 겨울에는 -5℃에서 -2℃ 사이, 여름에는 17℃에서 20℃, 강수량은 600mm, 해양성 기후의 영향을 받아, 겨울은 춥고 여름은 시원하며, 비가 자주 내림","라트비아어, 러시아어",2.0,230 V,"C, F"
RUS,Russia,러시아,"연평균 기온은 겨울에는 -20℃ 이하, 여름에는 기온이 20℃ 이상으로 상승, 강수량은 400mm에서 800mm 사이, 계절에 따라 기후 변화가 크고, 겨울은 매우 추움","러시아어, 타타르어, 우크라이나어",3.0,220 V,"C, F"
LBN,Lebanon,레바논,"연평균 기온은 18℃에서 25℃ 사이, 여름에는 30℃를 넘을 수 있음, 강수량은 계절에 따라 다르지만, 겨울에는 비가 많이 내리고 여름에는 거의 비가 오지 않음, 일반적으로 따뜻하고 건조한 여름과 비가 많은 겨울로 구분","아랍어, 프랑스어, 영어",2.0,220 V,"A, B, C, D, G"
LSO,Lesotho,레소토,"연평균 기온은 16℃에서 22℃ 사이, 강수량은 100mm에서 150mm 정도, 봄과 가을에 비가 많이 옴, 산악 지역의 영향을 받아 다소 건조하지만 온화하며, 여름에는 상대적으로 시원한 바람이 불기도 함","소토어어, 영어",2.0,220 V,M
ROU,Romania,루마니아,"연평균 기온은 겨울에는 0℃에서 -15℃까지 내려감, 여름에는 22℃에서 30℃, 강수량은 600mm이다, 대륙성 기후로, 겨울은 추운데 비교적 건조하고 여름은 따뜻하고 다소 습함","루마니아어, 헝가리어, 독일어",2.0,230 V,"C, F"
LUX,Luxembourg,룩셈부르크,"연평균 기온은 0℃에서 17℃ 사이, 강수량은 약 800mm, 강수량이 균등하게 분포, '클림트'로 불리는 지방은 증기압과 관련하여 조금 습기가 많은 편이며, 남부로 갈수록 기온이 높아짐","룩셈부르크어, 프랑스어, 독일어",1.0,230 V,"C, F"
RWA,Rwanda,르완다,"연평균 기온은 약 20℃, 강수량은 800mm에서 1200mm 사이,고원 지역에 위치하여 온화하고 우기에는 비가 자주 내림","키냐르완다어, 프랑스어, 영어",2.0,230 V,"C, J"
LBY,Libya,리비아,"연평균 기온은 25℃에서 30℃ 사이, 거의 대부분의 지역에서 강수량은 매우 낮음, 대부분 해안 지역을 제외한 내륙 지역은 거의 비가 오지 않음, 일년 내내 태양이 화창하며, 더운 기후",아랍어,2.0,"127 V, 230 V","C, D, F, L"
LTU,Lithuania,리투아니아,"연평균 기온은 겨울에는 -5℃에서 0℃, 여름에는 16℃에서 22℃, 강수량은 연간 600mm에서 800mm 정도, 봄과 가을에 강수량이 많음, 종종 바람이 강할 수 있지만 쾌적한 날씨가 많음",리투아니아어,2.0,220 V,"C, F"
LIE,Liechtenstein,리히텐슈타인,"연평균 기온은 약 10℃ 전후, 겨울에는 0℃ 아래로 내려가기도 함, 강수량은 약 1000mm 정도, 봄과 가을에 비가 많이 내림, 전반적으로 산악 지형 때문에 지리적인 영향을 받아 기후 변화가 많음","독일어, 프랑스어",1.0,230 V,"C, J"
MDG,Madagascar,마다가스카르,"연평균 기온은 20℃에서 25℃ 사이, 강수량은 지역에 따라 다르지만 일반적으로 많은 강수량, 열대 기후와 사하라 사막 기후가 혼합되어 있어 따뜻하고 습도가 높음","마다가스카르어, 프랑스어",3.0,"127 V, 220 V","C, D, E, J, K"
MHL,Marshall Islands,마셜제도,"연평균 기온은 약 28°C, 강수량은 약 2,500mm, 열대 기후로, 일년 내내 높은 습도와 온도를 유지, 연중 고온 다습하여 덥고 습기가 많은 환경","마셜어, 영어",12.0,120 V,"A, B"
FSM,Federated States of Micronesia,마이크로네시아연방,"연평균 기온은 26℃에서 31℃ 사이, 강수량은 약 2500~4000mm, 열대 기후의 영향으로 습기가 많음, 흐린 날씨가 많음","앵글랜드어, 파시피크어, 오크페어",11.0,120 V,"A, B"
MWI,Malawi,말라위,"연평균 기온은 20℃에서 25℃ 사이, 강수량은 북부 지역에서는 약 1000mm 정도, 남부 지역에서는 750mm 정도, 11월부터 4월까지 비가 많이 옴, 6월부터 9월까지는 건조한 날씨","치콰와, 앙간다, 인글리시",2.0,230 V,G
MYS,Malaysia,말레이시아,"연평균 기온은 25℃에서 30℃ 사이, 강수량이 풍부하고 비가 자주 내림. 연중 흐릿한 날씨가 많고, 태풍, 홍수 주의","말레이어, 중국어, 타밀어",8.0,240 V,"A, C, G, M"
MLI,Mali,말리,"연평균 기온은 30℃, 강수량은 북부 지역에서는 적고, 남부 지역에서는 다소 풍부, 대체로 건조한 기후, 사막 지역이 많아, 더위와 건조가 지속, 열대 지역에서는 국지성 폭우가 발생할 수 있음","프랑스어, 바마나어",0.0,220 V,"C, E"
MEX,Mexico,멕시코,"연평균 기온이 20℃에서 25℃ 사이, 강수량은 500mm에서 1000mm, 북부 지방은 건조하고 일교차가 크지만, 남부 지방은 습기가 많고 비가 자주 옴","스페인어, 나와틀어, 인디오 언어",-6.0,127 V,"A, B"
MCO,Monaco,모나코,"연평균 기온은 약 20℃, 강수량은 약 800mm, 지중해 기후의 영향으로, 겨울은 온화하고 여름은 따뜻하며 건조","포르투갈어, 중국어, 영어",8.0,230 V,"C, D, E, F"
MAR,Morocco,모로코,"연평균 기온은 20℃에서 30℃ 사이, 여름에는 38℃까지 올라감, 강수량은 북쪽이 100mm 미만으로 건조하고, 남쪽이 250mm 정도로 비교적 습기가 있음, 주로 사해풍이나 사하라 사막에서 불어오는 바람으로 건조함","아라비아어, 베를베르어, 프랑스어",0.0,"127 V, 220 V","C, E"
MUS,Mauritius,모리셔스,"연평균 기온은 22℃에서 31℃ 사이, 강수량은 1500mm로, 여름에는 좀 더 습도가 높아져 습한 날씨, 전체적으로 온화한 기후로 연중 햇빛이 많음","프랑스어, 크리올어",4.0,230 V,"C, G"
MRT,Mauritania,모리타니아,"연평균 기온은 약 25℃에서 30℃ 사이, 강수량은 매우 적어 건조, 일년 내내 맑은 날씨가 지속되고, 일교차가 큰 편이며 바람이 많이 붐","타갈로그어, 영어",8.0,220 V,C
MOZ,Mozambique,모잠비크,"연평균 기온은 25℃ 정도, 강수량은 약 1,000mm, 열대 사바나 기후로, 우기에는 비가 많이 오고 건기에는 건조","포르투갈어, 마쿼어",2.0,220 V,"C, F, M"
MNE,Montenegro,몬테네그로,"연평균 기온은 12℃에서 26℃ 사이, 강수량은 연간 1000mm 내외로 비교적 습기가 많음, 지중해성 기후가 특징으로 여름은 건조하고 더움, 겨울은 비가 많이 오며 서리나 눈도 올 수 있음","몬테네그로어, 세르비아어, 보스니아어",1.0,230 V,"C, F"
MDA,Moldova,몰도바,"연평균 기온은 4℃에서 25℃ 사이, 강수량은 400mm에서 600mm, 봄과 가을에는 강수량이 많아지지만 여름에는 건조, 일교차가 큼","몰도바어, 러시아어",2.0,220 V,"C, F"
MDV,Maldives,몰디브,"연평균 기온은 약 27℃에서 30℃ 사이에 위치, 강수량은 약 2000mm 정도, 열대 모노순 기후로, 일년 내내 온난하며 습한 날씨를 유지","다하히브, 도베하포서, 소니형",5.0,230 V,"A, C, D, G, J, K, L"
MLT,Malta,몰타,"연평균 기온은 여름에는 30℃ 전후로 높으며 거의 강우가 없어 건조, 겨울에는 기온이 15℃ 전후로 낮아지지만 여전히 따뜻하고 강수량이 증가함, 따뜻한 지중해 기후를 가지고 있어, 봄과 가을은 기온이 쾌적하고 안정적으로 유지","말테어어, 영어",1.0,230 V,G
MNG,Mongolia,몽골,"연평균 기온은 겨울에는 -30℃ 이하, 여름에는 30℃ 이상까지 올라감, 강수량은 서부 지역에서는 적고 동부 지역에서는 약간 더 많음, 건조한 기후를 가지고 있으며, 노지 지역이 많아 서늘한 건조한 바람이 자주 붐",몽골어,8.0,220 V,"C, E"
USA,United States of America,미국,"연평균 기온은 지역에 따라 다르며, 강수량도 다양하게 분포, 기후도 지역마다 차이가 있어서 화창한 날씨부터 추운 겨울까지 다양한 날씨",영어,-5.0,120 V,"A, B"
MMR,Myanmar,미얀마,"연평균 기온은 약 25℃에서 30℃ 사이, 강수량은 북쪽과 남쪽 모두에서 비교적 다양, 남부 지방은 연중 많은 강우, 열대 기후의 영향을 받아 연중 높은 온도를 유지하며, 봄과 여름에는 더운 계절로 맑은 날씨가 지속","버메즈어, 인도-유라곤어, 산스크리트어",6.0,230 V,"C, D, F, G"
VUT,Vanuatu,바누아투,"연평균 기온은 25℃에서 28℃ 사이, 매년 계절에 따른 강수량이 조금씩 다르지만, 보통 비가 많이 내리는 곳으로 알려져 있으며 습도도 높은 편",프랑스어,11.0,220 V,"C, G, I"
BHR,Bahrain,바레인,"연평균 기온은 20℃에서 30℃ 사이, 거의 비가 오지 않아 연간 강수량은 매우 적음, 사막 기후를 가지고 있으며, 습기가 거의 없어 건조하며 햇빛이 많이 비침","아랍어, 영어",3.0,230 V,G
BRB,Barbados,바베이도스,"연평균 기온은 약 27℃에서 30℃ 사이, 강수량은 약 2000mm, 열대 모노순 기후로, 일년 내내 온난하며 습한 날씨를 유지","포르투갈어, 크레올어",-4.0,115 V,"A, B"
VAT,Vatican,교황청,"연평균 기온은 약 15℃에서 20℃ 사이, 강수량은 700mm 미만, 온화하고 안정적이며 대체로 건조",아랍어,3.0,230 V,"F, L"
BHS,Bahamas,바하마,"연평균 기온은 24℃에서 29℃ 사이, 강수량은 1000mm, 비교적 습도가 높은 편, 대체로 따뜻하고 건조한 날씨",영어,-5.0,120 V,"A, B"
BGD,Bangladesh,방글라데시,"연평균 기온은 25℃에서 29℃ 사이, 강수량은 1600mm 이상, 열대 기후의 영향으로 습도가 높고 바람이 불거나 폭우가 내릴 수 있음","벵골어, 영어",6.0,220 V,"C, D, G, K"
BEN,Benin,베냉,"연평균 기온은 25℃, 강수량은 500mm 이하, 건조하고 맑은 날씨","프랑스어, 폰, 애웨",1.0,220 V,"C, E"
VEN,Venezuela,베네수엘라,"연평균 기온은 25℃에서 27℃ 사이, 강수량은 풍부해 한 해 내내 비가 내림. 고온다습한 기후로 거의 매일 열대성 폭우",스페인어,-4.0,120 V,"A, B"
VNM,Vietnam,베트남,"연평균 기온은 약 25℃에서 28℃ 사이, 강수량이 많음, 고온다습한 날씨가 지속, 북부 지역은 가끔 한파가 내리기도 함, 대체로 습도가 높고 태풍 영향을 많이 받음",베트남어,7.0,220 V,"A, C, G"
BEL,Belgium,벨기에,"연평균 기온은 6℃, 강수량은 800mm, 서유럽 대륙성 기후, 겨울은 춥고 습하며 여름은 상대적으로 서늘","프랑스어, 네덜란드어, 독일어",1.0,230 V,"C, E"
BLR,Belarus,벨라루스,"연평균 기온은 6℃ 정도, 강수량은 600mm에서 700mm 사이, 따뜻한 여름과 춥고 습한 겨울, 봄과 가을에는 일교차가 크며, 겨울에는 주로 강한 바람이 불기도 함","벨라루스어, 러시아어",3.0,220 V,"C, F"
BLZ,Belize,벨리즈,"연평균 기온은 24℃에서 29℃ 사이, 강수량은 약 2000mm 정도, 주로 5월부터 11월까지 옴. 열대 기후로 습도가 높음","영어, 스페인어",-6.0,"110 V, 220 V","A, B, G"
BIH,Bosnia-Herzegovina,보스니아헤르체고비나,"연평균 기온은 약 10℃에서 20℃ 사이, 강수량은 약 1,000mm 정도, 대륙성 기후로, 겨울은 춥고 여름은 덥고 습한 날씨를 유지","보스니아어, 세르비아어, 크로아티아어",1.0,230 V,F
BWA,Botswana,보츠와나,"연평균 기온은 20℃에서 25℃ 사이, 강수량은 적은 편, 따뜻한 날씨가 계속되며, 햇빛이 많아 건조","세트와나, 콜베, 영어",2.0,230 V,"D, G, M"
BOL,Bolivia,볼리비아,"연평균 기온이 25℃에서 30℃ 사이, 강수량은 500mm에서 2000mm 사이, 대체로 건조하고 습기가 낮으며, 안정된 기후","스페인어, 아이마라어, 퀘추아어",-4.0,"115 V, 230 V","A, C"
BDI,Burundi,부룬디,"연평균 기온은 20℃에서 27℃ 사이, 봄과 가을에는 강수량이 많으며, 여름은 건조, 겨울은 시원한 기후","키냐룬다어, 프랑스어, 스와힐리어",2.0,220 V,"C, E"
BFA,Burkina Faso,부르키나파소,"연평균 기온이 25℃ 이상, 강수량은 해가 다가올수록 증가, 아열대 기후로 건조한 시기와 비가 많이 오는 6월부터 10월까지의 장마철이 있어 강수량이 높음","프랑스어, 무어어",0.0,220 V,"C, E"
BTN,Bhutan,부탄,"연평균 기온이 10℃에서 30℃ 사이, 강수량은 많은 지역에서 1,000mm 이상, 따뜻하고 습하며 고산 지대에서는 서늘한 기후가 특징","더조엘목, 니안다르특어, 어촘카",6.0,230 V,"C, D, F, G, M"
MKD,North Macedonia,북마케도니아,"연평균 기온은 20℃에서 30℃ 사이, 강수량은 500mm 이상, 온대 기후에 속하며 여름은 덥고 건조, 겨울은 서늘하고 습기가 많음 ","마케도니아어, 알바니아어, 터키어",1.0,230 V,F
BGR,Bulgaria,불가리아,"연평균 기온은 13℃, 강수량은 북부 지방에서 650mm 정도, 남부 지방에서는 1200mm 이상, 대체로 습한 대륙 기후, 겨울은 추운데 비교적 적은 강수량, 여름은 따뜻하고 건조",불가리아어,2.0,230 V,"C, F"
BRA,Brazil,브라질,"연평균 기온은 약 25℃, 강수량은 지역에 따라 1,000mm에서 2,000mm, 열대 및 아열대 기후로, 대부분 지역에서 온난하며 습한 날씨를 유지","포르투갈어, 미란다어, 하치산어",-3.0,"127 V, 220 V","C, N"
BRN,Brunei,브루나이,"연평균 기온은 약 28℃, 연간 강수량은 약 2,500mm, 열대 우림 기후로, 일년 내내 높은 습도와 온도를 유지","말레이어, 영어",8.0,230 V,G
WSM,Samoa,사모아,"연평균 기온은 25℃에서 28℃ 사이, 강수량은 약 3,000mm, 열대 기후로, 일년 내내 높은 습도와 온도를 유지",영어,-11.0,230 V,I
SAU,Saudi Arabia,사우디아라비아,"연평균 기온은 일년 내내 높고, 여름에는 45℃ 이상으로 치솟을 수 있음, 대부분의 지역에서 강수량이 매우 적어 거의 비가 오지 않음, 서부 지역은 약간의 강수량이 있지만 대부분의 지역은 매우 건조",아랍어,3.0,"220 V, 230 V",G
CYP,Cyprus,사이프러스,"연평균 기온은 20°C 정도, 연간 강수량은 500mm 내외, 지중해성 기후로, 여름은 건조하고 겨울은 비가 자주 내림","그리스어, 터키어, 영어",2.0,240 V,G
SMR,San Marino,산마리노,"연평균 기온은 여름에는 25℃ 정도, 겨울에는 0℃ 내외, 강수량은 연간 평균 800mm, 가을과 겨울에 비가 많이 내림, 봄과 여름은 비교적 건조하고 맑은 날씨가 많이 나타남, 바다 근처에서 바람이 간혹 강하게 불기도 함",이탈리아어,1.0,230 V,"C, F, L"
STP,Sao Tome and Principe,상투메프린시페,"연평균 기온은 약 26°C, 연간 강수량은 약 1000mm, 열대 우림 기후로, 습기가 많고 연중 높은 온도를 유지","포르투갈어, 크레올어",0.0,220 V,"C, F"
SEN,Senegal,세네갈,"연평균 기온은 약 25℃에서 30℃ 사이, 강수량은 북부 지역에서는 거의 없고 남부 지역에서는 600mm에서 1200mm 정도로 비교적 많음, 건조한 사막 기후에서 더 습해지는 새퍼우드 기후까지 다양한 기후가 있음",프랑스어,0.0,230 V,"C, D, E, K"
SRB,Serbia,세르비아,"연평균 기온은 0℃에서 23℃, 강수량은 연간 600mm, 봄과 가을에는 기온 변화가 크고 강수량이 많으며, 겨울은 눈이 많이 내림","세르비아어, 헝가리어, 보스니아크어",1.0,230 V,"C, F"
SYC,Seychelles,세이셸,"연평균 기온은 연간 27℃, 12월부터 4월까지가 건조한 고무의 계절로, 11월과 5월부터 10월까지는 강수량이 많음, 일년 내내 따뜻한 날씨",프랑스어,3.0,240 V,G
LCA,Saint Lucia,세인트 루시아,"연평균 기온이 24℃에서 29℃ 사이, 강수량은 1,500mm에서 3,000mm, 비가 빈번하게 오는 습도가 높은 기후",아랍어,2.0,240 V,G
VCT,Saint Vincent and the Grenadines,세인트 빈센트 그레나딘,"연평균 기온은 25℃, 강수량은 2000mm, 열대 기후에 속하며, 고온 다습한 날씨가 지속되며, 맑은 날도 많아 햇빛이 풍부",영어,-4.0,"110 V, 230 V","A, B, G"
KNA,Saint Kitts and Nevis,세인트 키츠 네비스,"연평균 기온은 24℃에서 30℃, 강수량은 1년 내내 균일하게 내림, 열대 기후의 영향으로 습도가 높고, 일년 내내 따뜻한 날씨가 지속","영어, 크리올어",-4.0,230 V,"A, B, D, G"
SOM,Somalia,소말리아,"연평균 기온은 25℃ 이상, 강수량은 약 500mm 이하, 사막 기후와 습기가 적은 아열대 사막 기후","소말리어, 아랍어",3.0,220 V,C
SLB,Solomon Islands,솔로몬제도,"연평균 기온은 27℃ 이상, 강수량은 2000mm, 열대 기후로, 습기가 많고 고온 다습, 일년 내내 더위가 심함",영어,11.0,220 V,"G, I"
SDN,Sudan,수단,"연평균 기온은 약 27℃, 강수량은 별로 높지 않으며 건조한 기후, 아주 가끔 비가 내리고, 일조량이 풍부","아랍어, 영어",3.0,230 V,"C, D"
SUR,Suriname,수리남,"연평균 기온은 25℃, 강수량은 1500mm, 열대 기후로, 온난하고 습함, 여름에는 덥고 비가 많음","포르투갈어, 아마존어",-4.0,127 V,"C, F"
LKA,Sri Lanka,스리랑카,"연평균 기온은 27℃에서 30℃, 강수량은 북동 2500mm, 남서 1750mm 내외로 많음, 열대성 기후로 연중 덥고두 계절로 나뉘며 고온다습하고 습기가 많음","싱할라어, 타밀어, 영어",5.5,230 V,"D, M, G"
SWE,Sweden,스웨덴,"연평균 기온은 남부 지방에서 약 7℃에서 10℃, 북부 지방에서는 -10℃에서 2℃ 정도, 강수량은 약 500mm부터 1,000mm, 겨울에는 눈이 많이 내림, 대체로 서늘한 기후를 가지고 있으며, 여름에는 상대적으로 따뜻하고 겨울에는 추위가 심함","스웨덴어, 핀란드어, 영어",1.0,230 V,"C, F"
CHE,Swiss,스위스,"연평균 기온은 여름에는 20℃, 겨울에는 이 0℃ 내외, 강수량은 약 1000mm로, 비는 주로 봄과 가을에 내리며 겨울에는 눈으로 내릴 때도 있음","독일어, 프랑스어, 이탈리아어",1.0,230 V,"C, J"
ESP,Spain,스페인,"연평균 기온은 약 15℃에서 25℃, 강수량은 300mm 미만, 여름에는 무척 더워지고 건조, 겨울에는 좀 더 서늘하고 강우가 조금 늘어남, 지중해 기후","스페인어, 카탈로니아어, 갈리시아어",1.0,230 V,"C, F"
SVK,Slovakia,슬로바키아,"연평균 기온은 8℃, 강수량은 700mm, 대륙성 기후, 겨울은 추운 날씨와 눈이 많은 반면, 여름은 따뜻하고 강우가 많음",슬로바키아어,1.0,230 V,"C, E"
SVN,Slovenia,슬로베니아,"연평균 기온은 10℃ 전후, 강수량은 1,000mm 내외, 겨울에는 많은 양의 강우가 내림, 여름은 따뜻하고 건조한 편이며, 가을에는 강수량이 증가, 종종 안개가 많이 낌",슬로베니아어,1.0,230 V,"C, F"
SYR,Syria,시리아,"연평균 기온은 여름에는 30℃ 이상으로 상승 함, 겨울은 10℃ 내외, 강수량은 100mm 정도, 주로 가을부터 봄까지 강우가 나타남, 연중 건조하고 더운 기후","아랍어, 쿠르드어, 아람어",2.0,220 V,"C, E, L"
SLE,Sierra Leone,시에라리온,"연평균 기온은 26℃에서 28℃ 사이, 고강수량 지역으로 알려져 있음, 열대 기후로 장마철과 건조한 계절이 번갈아 가며 나타남","크리올, 영어",0.0,230 V,"D, G"
SGP,Singapore,싱가포르,"연평균 기온은 25℃에서 31℃ 사이, 강수량은 약 2400mm, 열대 기후이며, 일년 내내 무덥고 습함","영어, 중국어, 말레이어",8.0,230 V,"C, G, M"
ARE,United Arab Emirates,아랍에미리트,"연평균 기온은 여름에는 40℃ 이상으로 매우 높고, 겨울에도 20℃ 이상의 따뜻한 기후, 강수량은 적고 거의 비가 오지 않아, 건조한 환경",아랍어,4.0,220 V,"C, D, G"
ARM,Armenia,아르메니아,"연평균 기온은 16℃에서 25℃ 사이, 강수량은 200mm에서 600mm, 건조한 기후로 뜨거운 여름과 춥고 건조한 겨울이 특징","아르메니아어, 러시아어",4.0,230 V,"C, F"
ARG,Argentina,아르헨티나,"연평균 기온은 15℃에서 25℃ 사이, 강수량은 많은 지역에서 강수량이 높음, 열대 기후 지역도 있으며 안데스 산맥 등 고지대 지역은 서늘할 수 있음",스페인어,-3.0,220 V,"C, I"
ISL,Iceland,아이슬란드,"연평균 기온은 4℃, 강수량은 일년 내내 꾸준하게 내리며 특히 가을과 겨울에 더욱 많이 오는 편, 날씨 변화가 많고 바람이 세고 추운 편","아이슬란드어, 영어",0.0,230 V,"C, F"
HTI,Haiti,아이티,"연평균 기온은 약 25℃에서 28℃ 사이, 강수량은 북쪽과 남쪽 지역 간에 차이가 있으며, 강수량이 높음, 열대 기후로 비가 많이 내림","프랑스어, 크리올어",-5.0,110 V,"A, B"
IRL,Ireland,아일랜드,"연평균 기온은 8℃, 강수량이 많아 1년 내내 습함, 계절에 따라 기온 변화가 크지 않음","아일랜드어, 영어",0.0,230 V,G
AZE,Azerbaijan,아제르바이잔,"연평균 기온은 12℃에서 15℃ 사이, 강수량은 200mm에서 400mm, 주로 가을과 봄에 비가 내림, 대체로 맑은 날씨","아제르바이잔어, 러시아어, 러시아어",4.0,220 V,"C, F"
AFG,Afghanistan,아프가니스탄,"연평균 기온은 20℃에서 25℃ 사이, 강수량은 300mm 미만으로, 주로 겨울에 적은 양의 강우가 내림, 건조하고 더움","파스토어, 다리어, 우르두어",4.0,220 V,"C, F"
AND,Andorra,안도라,"연평균 기온은 여름에는 25℃, 겨울에는 0℃ 이하, 강수량은 1000mm, 주로 가을과 봄에 비가 많이 옴, 고산지대에 위치해 공기가 맑고 신선",아랍어,3.0,230 V,"C, F"
ALB,Albania,알바니아,"연평균 기온은 30℃를 넘을 수 있음, 겨울에는 5℃ 내외, 강수량은 계절에 따라 달라지며, 여름에는 비가 많이 내림, 겨울에는 강수량이 줄어듬, 지중해 기후와 대륙 기후가 교차하여 예측하기 어려움",알바니아어,1.0,230 V,"C, F"
DZA,Algeria,알제리,"연평균 기온은 25℃에서 35℃ 사이, 대부분의 지역에서는 강수량이 적고 건조함, 낮은 습도와 뜨거운 날씨가 특징, 북부 지역은 지중해 기후가 나타나기도 함","아라비아어, 타마제크어, 프랑스어",1.0,230 V,"C, F"
AGO,Angola,앙골라,"연평균 기온은 약 25℃에서 27℃ 사이, 강수량은 북부 지역에서 많고 남부 지역에서는 적음, 건조한 사하라 사막과 습한 대서양의 영향을 받아 다양한 기후","포르투갈어, 앙굴라어, 방콩어",1.0,220 V,C
ATG,Antigua and Barbuda,앤티가바부다,"연평균 기온은 25℃ 이상으로 매우 높음, 강수량도 높음, 열대 기후를 가지고 있어, 연중 높은 기온과 습도, 열대 폭풍이 발생할 수 있음","영어, 안티과바 크리올어",-4.0,230 V,"A, B"
ERI,Eritrea,에리트레아,"연평균 기온은 26℃에서 30℃ 사이, 강수량은 200mm에서 600mm, 건조한 사막 기후가 특징이며, 특히 낮은 습기와 연중 드문 강우","티그리냐어, 아랍어, 영어",3.0,230 V,"C, L"
SWZ,Eswatini,에스와티니,"연평균 기온은 20℃에서 25℃ 사이, 강수량은 800mm에서 1200mm, 온화한 기후","영어, 시스와티어, 아프리칸스어",2.0,230 V,M
EST,Estonia,에스토니아,"연평균 기온은 연간 6℃, 강수량은 북부 지방에서는 많은 편이나 전체적으로 중간 정도, 서해안에서는 다소 따뜻하고 내륙에서는 서늘한 편이며, 겨울은 서늘하고 습기가 많은 반면 여름은 상대적으로 시원하고 건조","에스토니아어, 러시아어",2.0,230 V,"C, F"
ECU,Ecuador,에콰도르,"연평균 기온은 여름철에는 25℃ 이상이고 강수량이 늘어나며, 겨울철에는 약간 더 서늘해지지만 여전히 따뜻, 계절에 따라 약간의 기후 변화가 있지만 대체로 온난하고 습기가 많은 기후","스페인어, 키체와, 케추아",-5.0,120 V,"A, B"
ETH,Ethiopia,에티오피아,"연평균 기온은 25℃에서 30℃ 사이, 많은 지역에서 강수량이 1000mm 이상, 아프리카 내륙에 위치해 있어 건조한 지역도 있지만, 대체로 열대 기후가 주를 이룸, 고도가 높은 지역은 서늘할 수 있어 다양한 기후","아파르어, 오로모어, 아마리냐 언어",3.0,220 V,"C, E, F, L"
SLV,El Salvador,엘살바도르,"연평균 기온은 약 25℃, 강수량은 약 1800mm, 열대 사바나 기후로, 건기와 우기가 뚜렷, 기온과 습도가 높고, 고도가 높은 지역은 약간 서늘할 수 있음",스페인어,-6.0,115 V,"A, B"
GBR,United Kingdom,영국,"연평균 기온은 약 10℃, 강수량은 북부 지방이 더 많고, 남부는 상대적으로 적음, 비 올 확률이 높은 기후, 특히 가을과 겨울에 높음, 햇빛이 많이 나오지는 않지만 온화한 날씨",영어,0.0,230 V,G
YEM,Yemen,예멘,"연평균 기온은 25℃ 이상, 여름엔 35℃ 이상까지 올라갈 수 있음, 강수량은 극도로 낮아 매우 건조한 환경, 산악 지형과 사막 지역이 주를 이룸",아랍어,3.0,230 V,"A, D, G"
OMN,Oman,오만,"연평균 기온은 약 27℃에서 30℃ 사이, 강수량은 100mm 미만, 건조한 사막 기후로, 일년 내내 매우 건조하고 더움",아라비아어,4.0,240 V,"C, G"
AUT,Austria,오스트리아,"연평균 기온은 약 10℃, 강수량은 북동부에 많고 서쪽과 남쪽으로 갈수록 적음, 대체로 쾌적하며 겨울에는 서부 지역에서 많은 눈이 내림, 여름은 따뜻하고 가끔 소나기가 오는 편","독일어, 오스트리아-다이알렉트, 헝가리어",1.0,230 V,"C, F"
HND,Honduras,온두라스,"연평균 기온은 24℃에서 28℃ 사이, 강수량은 약 2000mm에서 3000mm, 열대 기후가 주를 이루며 습도가 높고 여름철에는 강한 태풍과 여러 자연재해에 영향을 받을 수 있음","스페인어, 인디오어",-6.0,110 V,"A, B"
JOR,Jordan,요르단,"연평균 기온은 여름에는 30℃ 정도 올라가며 거의 강수량이 없는 건조한 날씨가 지속, 겨울에는 기온이 낮아지지만, 0℃ 아래로 내려가는 경우는 드뭅, 건조한 사막 기후로, 강수량이 적고 일조량이 많음",아랍어,2.0,230 V,"B, C, D, F, G, J"
UGA,Uganda,우간다,"연평균 기온은 약 25℃에서 30℃ 사이, 강수량은 많은 편이며, 특히 3월부터 5월, 9월부터 11월은 비가 자주 내리는 계절, 항상 따뜻하고 습하며,열대 기후","영어, 스와힐리어, 룬디어",3.0,240 V,G
URY,Uruguay,우루과이,"연평균 기온은 약 17℃에서 22℃ 사이, 강수량은 서부 지역에서는 적고 동부 지역에서는 다소 많음, 일반적으로 여름에 습기가 많고 겨울에는 상대적으로 건조, 전체적으로 온화한 기후","스페인어, 우루과이어",-3.0,230 V,"C, F, I, L"
UZB,Uzbekistan,우즈베키스탄,"연평균 기온은 여름에는 30℃ 이상으로 높아짐, 강수량은 적음, 겨울에는 연평균 기온이 영하로 내려가며 강한 바람이 불기도 해서 건조함, 따뜻한 봄과 가을에는 낮과 밤의 온도 차이가 크며, 기후 특성상 뚜렷한 계절 변화를 경험할 수 있음","우즈베크어, 러시아어",5.0,220 V,"C, I"
UKR,Ukraine,우크라이나,"연평균 기온은 여름에는 20℃에서 25℃사이,겨울에는 -4℃에서 -8℃ 사이, 강수량은 북쪽 지방에서는 600mm, 남쪽 지방에서는 300mm, 대륙성 기후를 가지고 있어, 겨울은 추워서 눈이 많이 내리고 여름은 따뜻하고 강수량이 적은 편",우크라이나어,2.0,220 V,"C, F"
IRQ,Iraq,이라크,"연평균 기온은 40℃ 이상이고 강수량은 적음, 건조한 날씨와 더불어 고온 다습한 날씨가 계속되며 여름에는 50℃ 이상의 고온이 자주 발생, 건조하고 뜨거운 기후로, 물이 부족한 환경","아랍어, 쿠르드어, 시리아어",3.0,230 V,"C, D, G"
IRN,Iran,이란,"연평균 기온은 16℃에서 18℃ 사이, 강수량은 북부 지방에서는 1,000mm 이상이고, 남부 지방에서는 100mm 미만, 기후는 광범위하게 다양하며, 북부 지역은 겨울에는 추워지고 여름에는 무척 더움, 남부 지역은 건조하고 더운 사막 기후, 육지와 해양 사이 위치하여 예측하기 어려움",페르시아어,3.0,220 V,"C, F"
ISR,Israel,이스라엘,"연평균 기온은 20℃ 이상, 강수량은 낮지만 주로 11월부터 3월까지 옴, 여름엔 건조하고 덥고 겨울은 비교적 선선, 봄과 가을은 따뜻하고 쾌적한 기후, 지중해성 기후","히브리어, 아랍어",2.0,230 V,"C, H, M"
EGY,Egypt,이집트,"연평균 기온은 약 20℃, 강수량은 80mm 미만, 사막 기후로, 대부분 건조하며 일교차가 큼, 특히 사막 지역은 거의 강우가 없어 건조한 기후",아랍어,2.0,220 V,"C, F"
ITA,Italy,이탈리아,"연평균 기온은 약 20℃에서 25℃ 사이, 강수량은 북부지방이 많고 남부지방이 적음, 지중해 연안 지역은 건조할 수 있으며, 알프스 지역은 추운 겨울을 경험할 수 있음, 종종 여름에는 고온다습한 바람인 시로코가 불기도 함","이탈리아어, 독일어, 프랑스어",1.0,230 V,"F, L"
IND,India,인도,"연평균 기온은 약 24℃, 강수량은 약 1200mm, 열대에서 온대에 이르기까지 다양하며, 우기와 건기가 분명함, 대체로 열대성 기후가 주를 이루며, 많은 지역에서 고온다습한 여름과 상대적으로 서늘한 건조한 겨울을 경험함, 강수량은 지역에 따라 다르며, 인도의 남부와 동부 지방은 비가 많이 내리는 편이고, 북부 지방은 상대적으로 건조","힌디어, 영어",5.5,230 V,"C, D, M"
IDN,Indonesia,인도네시아,"연평균 기온은 약 25℃에서 27℃ 사이, 강수량은 지역에 따라 다르지만 일반적으로 많은 강우, 열대 기후","인도네시아어, 영어, 황미어",7.0,"220 V, 110 V","C, F"
JPN,Japan,일본,"연평균 기온은 약 16℃, 강수량은 약 1200mm, 사계절의 명확한 변화를 보이며, 봄과 가을은 포근하고 겨울은 추움",일본어,9.0,100 V,"A, B"
JAM,Jamaica,자메이카,"연평균 기온은 25℃에서 30℃ 사이, 강수량은 균일하게 분포, 열대 기후로 습기가 많고 연중 높은 온도를 유지","영어, 판자계어",-5.0,110 V,"A, B"
ZMB,Zambia,잠비아,"연평균 기온은 25℃에서 30℃ 사이, 강수량은 1000mm에서 1500mm, 열대 기후로, 더운 계절과 비가 많이 오는 계절이 번갈아 나타나는 특징, 10월부터 4월까지는 비가 많이 내림","영어, 실려어, 통가",2.0,230 V,"C, D, G"
GNQ,Equatorial Guinea,적도기니,"연평균 기온은 약 26°C, 연간 강수량은 약 2000mm, 열대 우림 기후로, 연중 높은 온도와 다습한 환경, 장마철에는 강수량이 더 많아지는 편인데, 일년 내내 습도가 높고 비가 자주 옴",스페인어,1.0,220 V,"C, E"
GEO,Georgia,조지아,"연평균 기온은 15℃에서 24℃ 사이, 강수량은 북부 지역에서는 많을 수 있음, 봄과 가을에 가장 쾌적하며 겨울은 춥고 여름은 무척 더움","조지아어, 러시아어",4.0,220 V,"C, F"
CHN,China,중국,"연평균 기온은 지역에 따라 다르며, 일반적으로 남쪽 지방은 따뜻하고 북쪽은 추움, 강수량 또한 지역에 따라 다양하며, 남쪽은 비가 많이 오고 북쪽은 건조, 계절에 따라 기후가 크게 변하며, 지리적 위치에 따라 달라짐","중국어, 영어, 포르투갈어",8.0,220 V,"A, C, I"
CAF,Central African Republic,중앙아프리카공화국,"연평균 기온은 25℃에서 29℃ 사이, 강수량은 1,200mm에서 1,500mm, 고온다습한 기후로 한 해 내내 비교적 더움","프랑스어, 상당수씨어, 아라비아어",1.0,220 V,"C, E"
DJI,Djibouti,지부티,"연평균 기온은 30℃에서 40℃ 사이, 강수량은 100mm에서 200mm, 사막 기후로 덥고 건조함","아랍어, 프랑스어",3.0,220 V,"C, E"
ZWE,Zimbabwe,짐바브웨,"연평균 기온은 20℃에서 30℃ 사이, 강수량은 북부 지역에서 더 많이 내리며 연간 평균 강수량은 약 800mm, 여름은 더운 건조한 계절이고, 겨울은 상대적으로 서늘하고 건조한 계절, 고지대는 비교적 서늘한 기온을 유지","영어, 신데벨라어",2.0,220 V,"D, G"
TCD,Chad,차드,"연평균 기온은 26℃, 강수량은 북부지역에서는 400mm, 남부지역에서는 1000mm, 사막성 기후와 쾌적한 기후가 섞임, 북쪽은 건조하고 더워지고, 남쪽은 습기가 많고 비가 많이 옴. 연중 고온 다습한 사막 기후와 비가 자주 오는 열대 기후","프랑스어, 아라비아어",1.0,220 V,"C, D, E, F"
CZE,Czech,체코,"연평균 기온은 여름은 20℃ 이상, 겨울에는 -5℃에서 -10℃ 사이, 강수량은 500mm로 비교적 균일, 대체로 서유럽과 비슷, 4계절을 경험할 수 있음","체코어, 슬로바키아어",1.0,230 V,E
CHL,Chile,칠레,"연평균 기온은 14℃, 강수량은 북부 사막지대와 중부 지역이 건조한 반면, 남부 지역은 비가 많이 내림, 북부에서는 사막 기후가 지배, 중부에서는 지중해 기후, 남부에서는 대륙 기후와 온대 기후가 나타남","스페인어, 에이마라, 카스텔란어",-3.0,220 V,"C, L"
CMR,Cameroon,카메룬,"연평균 기온은 24℃에서 29℃ 사이, 강수량은 남부지방에서는 1000mm 이상, 북부지방에서는 500mm 내외, 열대 기후가 지배하며 습기가 많고 고온다습, 봄과 가을처럼 날씨가 더 쾌적한 계절도 있지만, 일반적으로 더위와 습기가 지속","프랑스어, 영어",1.0,220 V,"C, E"
CPV,Cape Verde,카보베르데,"연평균 기온은 25℃에서 30℃ 사이, 강수량은 약 250mm, 아리드한 열대 기후를 가지고 있어 대부분의 시간 동안 건조하며, 특히 여름에는 건조하고 뜨거운 바람이 부는 것이 특징","포르투갈어, 크리올어",0.0,220 V,"C, F"
KAZ,Kazakhstan,카자흐스탄,"연평균 기온은 여름에는 30℃까지 치솟음, 겨울에는 -15℃, 강수량은 200mm에서 400mm 사이, 대체로 매우 건조한 기후","카자흐어, 러시아어",6.0,220 V,"C, F"
QAT,Qatar,카타르,"연평균 기온은 30℃ 이상, 강수량은 극히 적음, 사막 기후로, 매우 건조하며 강한 바람이 불기도 함",아랍어,3.0,240 V,"D, G"
KHM,Cambodia,캄보디아,"연평균 기온은 약 27℃, 강수량은 대부분의 지역에서 약 1,400mm에서 2,000mm 사이, 주로 5월부터 10월까지 비가 많이 내리는 계절, 11월부터 4월까지는 건조한 기간, 열대 기후","크메르어, 베트남어, 중국어",7.0,230 V,"A, C, G"
CAN,Canada,캐나다,"연평균 기온은 여름에는 25℃ 이상 올라감, 겨울에는 -15℃ 이하로 내려감, 강수량은 지역에 따라 다르지만, 일반적으로 많은 비가 내리며 눈도 자주 볼 수 있음, 넓은 영토로 각 지역마다 다양한 기후","영어, 프랑스어",-5.0,120 V,"A, B"
KEN,Kenya,케냐,"연평균 기온은 20℃에서 28℃ 사이, 강수량은 해안 지역에서는 약 1,000mm 이상, 내륙의 건조한 지역에서는 500mm 미만, 열대 기후가 주를 이루며 습도가 높고 일조량이 풍부","스와힐리어, 영어",3.0,240 V,G
COM,Comoros,코모로,"연평균 기온은 약 25℃, 강수량은 약 1500mm, 습기가 많은 기후, 햇빛이 많이 들어와 따뜻한 날씨가 지속되어 여름에는 상대적으로 더움","코모로어, 아랍어, 프랑스어",0.0,220 V,"C, E"
XKX,Kosovo,코소보,"연평균 기온은 여름에는 약 20°C에서 30°C 사이, 겨울에는 -2°C에서 3°C 사이, 강수량은 600mm에서 800mm 사이, 대륙성 기후로 추운 겨울과 더운 여름을 경험할 수 있음","알바니아어, 세르비아어, 보스니아어",1.0,230 V,F
CRI,Costa Rica,코스타리카,"연평균 기온은 약 24℃, 강수량은 2,500mm에서 6,000mm 사이, 많은 지역에서 비가 많이 오는 특징, 전반적으로 습기가 많은 열대 기후","스페인어, 영어",-6.0,120 V,"A, B"
CIV,Cote d Ivoire,코트디부아르,"연평균 기온은 26℃에서 28℃ 사이, 강수량은 약 1,000mm에서 1,400mm, 열대 기후로 따뜻하고 다습한 기후","프랑스어, 듀라어, 베아",0.0,220 V,"C, E"
COL,Colombia,콜롬비아,"연평균 기온은 24℃에서 27℃ 사이, 강수량은 1,000mm에서 3,000mm 사이, 따뜻한 기후가 지속되지만 해발고도에 따라 기온이 다름","스페인어, 콜롬비아 수화어, 그리고 산앤티키어",-5.0,110 V,"A, B"
COG,Congo,콩고공화국,"연평균 기온은 20℃에서 25℃ 사이, 강수량은 1,000mm 이상의 비, 열대 기후의 영향으로 습도가 높고, 고온다습한 기후, 사계절 구분이 없이 비가 고르게 내림","프랑스어, 리우언도",1.0,230 V,"C, E"
COD,Democratic Republic of Congo,콩고민주공화국,"연평균 기온은 25℃에서 28℃ 사이, 강수량은 1,200mm에서 1,700mm 사이, 열대 기후가 지배하며 습기가 많고 기온이 상대적으로 일정, 많은 지역이 온난하고 습하며, 비가 자주 내리는 특징","프랑스어, 아랍어",1.0,220 V,"C, D, E"
CUB,Cuba,쿠바,"연평균 기온은 25℃에서 27℃ 사이, 겨울에는 20℃ 내외, 여름에는 30℃ 이상, 강수량은 남쪽이 많고 북쪽이 적음, 열대성 기후로 따뜻하고 습하며, 토네이도가 비교적 흔하게 발생",스페인어,-5.0,110 V,"A, B"
KWT,Kuwait,쿠웨이트,"연평균 기온은 여름에는 45℃ 이상으로 매우 높고 거의 강우가 없음, 겨울에는 10℃, 강수량은 120mm, 대부분의 강수는 겨울철에 집중, 여름에는 거의 비가 내리지 않음",아라비아어,3.0,240 V,"C, G, M"
COK,Cook Islands,쿡제도,"연평균 기온은 25℃에서 29℃ 사이, 강수량은 약 2,000mm, 고온다습하고 여름에 주로 맑고 건조한 날씨, 겨울은 온화하고 비가 자주 오는 특징, 전체적으로 따뜻하고 습한 기후","마오리어, 영어",14.0,240 V,I
HRV,Croatia,크로아티아,"연평균 기온은 20℃ 이상, 강수량은 600mm 내외, 지중해 기후와 대륙 기후의 조합으로 다양한 날씨",크로아티아어,1.0,230 V,"C, F"
KGZ,Kyrgyzstan,키르기즈스탄,"연평균 기온은 약 12℃에서 23℃ 사이, 강수량은 200mm, 건조한 기후, 산악 지대는 고산 기후","키르기즈어, 러시아어",6.0,220 V,"C, F"
KIR,Kiribati,키리바시,"연평균 기온은 28°C에서 30°C 사이, 강수량은 1,000mm에서 3,000mm 사이, 열대 기후로 고온다습함",기리바시어,12.0,240 V,I
TJK,Tajikistan,타지키스탄,"연평균 기온은 여름에는 30℃ 이상, 겨울에는 0℃ 내외로 낮아짐, 강수량은 분기별로 변동이 크며, 주로 봄과 가을에 비가 많이 내림, 대체로 건조하지만 산악 지역에서는 더 많은 강수량을 기록","타지크어, 러시아어",5.0,220 V,"C, F, I"
TZA,Tanzania,탄자니아,"연평균 기온은 25℃에서 30℃ 사이, 강수량은 지역에 따라 다르지만, 일반적으로 1000mm에서 2000mm, 열대 기후가 특징, 고온다습한 날씨","스와힐리어, 영어",3.0,230 V,"D, G"
THA,Thailand,태국,"연평균 기온은 25℃에서 30℃ 사이, 강수량은 지역에 따라 다르지만, 전체적으로 1,000mm에서 2,500mm, 장마철에는 강수량이 가장 많음, 열대 기후로, 고온 다습한 여름과 쾌청한 겨울로 구분",태국어,7.0,220 V,"A, B, C, F"
TUR,Republic of Turkiye,튀르키예공화국,연평균 기온은 15℃에서 25℃ 사이로 온화하고 편안한 날씨를 경험할 수 있습니다. 강수량은 북쪽 지역에서는 많지만 남쪽 지역은 건조합니다. 지중해 연안은 따뜻한 해양 기후를 느낄 수 있고 내륙지역은 대륙성 기후로 건조하고 추운 겨울과 더운 여름을 경험할 수 있습니다.,터키어,3.0,220 V,F
TGO,Togo,토고,"연평균 기온은 약 26℃에서 30℃ 사이, 강수량은 북쪽과 남쪽의 차이가 있으며 북쪽은 1,100mm에서 1,500mm, 남쪽은 700mm에서 1,100mm, 여름에는 습하고 비가 많이 오며, 겨울에는 건조하고 시원","프랑스어, 에웨어, 미나어",0.0,220 V,C
TON,Tonga,통가,"연평균 기온은 대략 23°C에서 30°C 사이, 강수량은 1,600mm에서 2,400mm 사이, 비는 주로 11월에서 4월까지의 우기에 집중, 건기는 5월부터 10월까지이며, 이 기간 동안은 비교적 건조","통가어, 영어",13.0,240 V,I
TKM,Turkmenistan,투르크메니스탄,"연평균 기온은 여름에는 25°C에서 40°C 사이로 올라감, 겨울에는 -5°C에서 5°C 사이로 떨어짐, 강수량은 대체로 매우 적으며, 평균 80mm에서 300mm 사이입니다. 대부분의 지역에서 강수는 봄에 집중, 여름에는 거의 비가 내리지 않음, 극심한 기온 변화와 건조함","투르크멘어, 러시아어",5.0,220 V,"B, C, F"
TUV,Tuvalu,투발루,"연평균 기온은 25℃에서 30℃, 강수량은 1000mm에서 2000mm, 열대 기후로 따뜻하고 다습하며, 기후 변화로 인해 태풍이나 강한 소나기가 종종 발생","투발루어, 영어",12.0,220 V,I
TUN,Tunisia,튀니지,"연평균 기온은 20℃에서 30℃ 사이, 겨울에도 10℃를 넘지 않음, 강수량은 100mm 미만으로 건조한 편, 여름에 맑고 건조한 기후가 지속","아랍어, 프랑스어",1.0,230 V,"C, E"
TTO,Trinidad & Tobago,트리니다드토바고,"연평균 기온은 23°C에서 32°C 사이, 강수량은 약 2,000mm에서 2,500mm 사이, 열대 기후로 매우 덥고, 습한 특징, 열대성 폭풍이나 허리케인의 영향을 받을 수 있음","영어, 스페인어",-4.0,115 V,"A, B"
PAN,Panama,파나마,"연평균 기온은 약 27℃, 강수량은 평균 약 2000mm, 열대 기후로 연중 높은 습도와 강수량을 유지, 건조한 계절과 비가 많이 오는 계절이 구분됨, 일년 내내 덥고 습한 기후","파푸아뉴기니어, 알키프라어, 상크 고러어",9.0,110 V,"A, B"
PRY,Paraguay,파라과이,"연평균 기온은 20℃에서 25℃ 사이, 여름에는 35℃까지 올라갈 수 있음, 강수량은 북부지역이 많이 오고, 남부는 건조, 아열대 기후로, 뜨거운 여름과 따뜻한 겨울을 경험할 수 있음",스페인어,-4.0,220 V,C
PAK,Pakistan,파키스탄,"연평균 기온은 25℃에서 35℃ 사이, 강수량은 500mm에서 1000mm 사이, 대체로 뜨거운 건조한 여름과 서늘한 겨울이 특징, 7월과 8월에 많은 비가 내림, 겨울은 대체로 건조하며, 남부에서는 비가 거의 내리지 않음","우르두어, 판자브어, 술루어",5.0,230 V,"C, D, G, M"
PNG,Papua New Guinea,파푸아뉴기니,"연평균 기온은 25℃에서 30°C 사이, 강수량은 2,000mm에서 3,000mm 사이, 열대 기후의 영향으로 비가 자주 내려 습기가 많이 높음, 여름에는 습하고 더울 수 있지만, 강수량 차이가 있어 지역마다 기후가 조금씩 다를 수 있음","피지어어, 영어",10.0,240 V,I
PLW,Palau,팔라우,"연평균 기온은 26℃에서 28℃ 사이, 강수량은 3,800mm 이상, 일년 내내 비가 자주 오지만, 특히 7월에서 10월 사이에 가장 많은 강수량을 기록, 태풍이 발생할 가능성이 있는 기간",팔라우어,9.0,120 V,"A, B"
PSE,Palestine,팔레스타인,"연평균 기온은 여름에는 약 26°C에서 30°C 사이, 겨울에는 약 8°C에서 15°C 사이, 강수량은 100mm에서 700mm 사이, 지중해성 기후, 여름에는 거의 비가 오지 않음","스페인어, 영어",-4.0,230 V,H
PER,Peru,페루,"연평균 기온은 지역마다 차이가 큼, 여름에는 25℃에서 30℃ 사이, 겨울에는 영하의 기온도 가능, 강수량은 700mm에서 1,000mm 사이, 전체적으로 연중 높은 습도와 더운 날씨",스페인어,-5.0,220 V,"A, B, C"
PRT,Portugal,포르투갈,"연평균 기온은 17℃에서 20℃ 사이, 강수량은 북부는 1,200mm에서 3,000mm 사이, 남부는 약 300mm에서 600mm 사이, 주로 지중해 기후지만 내륙 지역에서는 대륙적 기후",포르투갈어,0.0,230 V,"C, F"
POL,Poland,폴란드,"연평균 기온은 여름에는 약 17°C에서 30°C, 겨울에는 약 -6°C에서 3°C, 강수량은 대략 500mm에서 700mm 사이, 봄과 가을은 상대적으로 쾌적하며, 겨울은 서브로제키(Subarctic) 기후 영향을 받음",폴란드어,1.0,230 V,"C, E"
FRA,France,프랑스,"연평균 기온은 약 12℃, 강수량은 북부 지방에서 더 많이 내리며 전체적으로 적음, 각 지역에 따라 다양, 대륙성 기후와 대부분 해양성 기후, 봄과 가을은 쾌적하고 겨울은 춥고, 여름은 따뜻","프랑스어, 독일어, 이탈리아어",1.0,230 V,"C, E"
FJI,Fiji,피지,"연평균 기온은 25℃에서 30℃ 사이, 강수량은 2000mm 이상, 비가 꾸준히 내리며 습기가 많은 기후","피지어, 힌디어",12.0,240 V,I
FIN,Finland,핀란드,"연평균 기온은 여름에는 15℃에서 25℃까지 올라감, 겨울에 -20℃에서 0℃ 사이, 강수량은 북부 지역에서는 500mm 미만으로 적고, 남부 지역에서는 600mm 정도, 북극권에 근접해 있어 북부 지역에서는 겨울에 일조 시간이 거의 없고, 여름에는 백야 현상을 경험할 수 있음","핀란드어, 스웨덴어",2.0,230 V,"C, F"
PHL,Philippines,필리핀,"연평균 기온은 약 25℃에서 27℃로 따뜻, 강수량은 2000mm 이상, 모노순풍의 영향으로 우기와 건기로 구분되며, 태풍의 영향을 받아 강한 바람과 강한 비가 내림","필리핀어, 영어",8.0,220 V,"A, B, C"
HUN,Hungary,헝가리,"연평균 기온은 여름에는 25℃, 겨울에는 0℃, 강수량은 600mm, 봄과 가을에 강수량이 많음, 화창한 여름과 쌀쌀한 겨울을 경험할 수 있음",헝가리어,1.0,230 V,"C, F"
AUS,Australia,호주,"연평균 기온은 지역에 따라 천차만별이며, 강수량도 큰 차이가 있음. 북부는 습하고 습도가 높으며, 남부는 건조하고 더워서 화재 위험이 높은 편, 일부 지역은 거의 비가 오지 않을 정도로 건조, 다른 지역은 강우로 홍수가 발생하기도 함",영어,10.0,240 V,I
MAC,Macau,마카오,"연평균 기온은 약 23℃, 강수량은 많지 않음, 여름에는 습하고 더울 수 있으며, 가끔 태풍의 영향을 받을 수 있음, 겨울에는 상대적으로 건조하고 시원, 전체적으로 기후는 온화하고 안정적","포르투갈어, 중국어",0.0,220 V,"D, M, G, F"
GUM,Guam,괌,"연평균 기온은 약 27℃에서 30℃ 사이, 강수량은 약 2000mm에서 3000mm, 열대 우림 기후의 특징, 따뜻하고 습한 날씨로 대체로 안정된 기후",영어,10.0,110 V,"A, B"
YUG,Serbia,세르비아,"연평균 기온은 20℃, 강수량은 연간 600mm 내외, 계절에 따라 다양한 기후를 경험할 수 있음, 온도 변화가 큼","세르비아어, 크로아트어, 보스니아어",1.0,230 V,"C, F"
KOR,South Korea,대한민국,"연평균 기온은 여름에는 22°C에서 30°C 사이, 겨울에는 -3°C에서 7°C 사이, 강수량은 약 1,000mm에서 1,400mm 사이, 일반적으로 온난고기압이 영향을 미치는 일품안개성 기후, 4계절이 확실하며 봄 가을의 기후가 가장 쾌적",한국어,9.0,220 V,"C, F"
PRI,Puerto Rico,푸에르토리코,"연평균 기온이 25℃에서 29℃ 사이, 강수량은 약 1400mm에서 2300mm, 습기가 많은 열대 기후, 태풍 시즌에는 강한 폭풍이 발생할 수 있음","영어, 스페인어",-4.0,120 V,"A, B"
TWN,Taiwan,대만,"연평균 기온은 약 22℃에서 32℃ 사이, 강수량은 평균 2500mm, 비가 고르게 내리는 편, 열대성 기후의 특성상 습기가 많고 기온 변화가 큼","중국어(번체), 중국어(간체)",8.0,110 V,"A, B"
HKG,Hong kong,홍콩,"연평균 기온은 약 23℃, 강수량은 약 2,400mm, 가끔 건조한 기간도 있을 수 있음, 열대 기후에 속하며, 고온다습한 여름과 상대적으로 서늘한 겨울로 구성","중국어, 영어",8.0,220 V,"D, G"
